{
  "frames": {
    "idle_0000": {
      "frame": { "x": 13, "y": 10, "w": 44, "h": 47 },
      "rotated": false,
      "trimmed": false,
      "spriteSourceSize": { "x": 0, "y": 0, "w": 44, "h": 47 },
      "sourceSize": { "w": 44, "h": 47 }
    },
    "idle_0001": {
      "frame": { "x": 77, "y": 10, "w": 44, "h": 47 },
      "rotated": false,
      "trimmed": false,
      "spriteSourceSize": { "x": 0, "y": 0, "w": 44, "h": 47 },
      "sourceSize": { "w": 44, "h": 47 }
    },
    "idle_0002": {
      "frame": { "x": 141, "y": 10, "w": 44, "h": 47 },
      "rotated": false,
      "trimmed": false,
      "spriteSourceSize": { "x": 0, "y": 0, "w": 44, "h": 47 },
      "sourceSize": { "w": 44, "h": 47 }
    },
    "idle_0003": {
      "frame": { "x": 205, "y": 10, "w": 44, "h": 47 },
      "rotated": false,
      "trimmed": false,
      "spriteSourceSize": { "x": 0, "y": 0, "w": 44, "h": 47 },
      "sourceSize": { "w": 44, "h": 47 }
    },
    "idle_0004": {
      "frame": { "x": 269, "y": 10, "w": 44, "h": 47 },
      "rotated": false,
      "trimmed": false,
      "spriteSourceSize": { "x": 0, "y": 0, "w": 44, "h": 47 },
      "sourceSize": { "w": 44, "h": 47 }
    },
    "idle_0005": {
      "frame": { "x": 333, "y": 10, "w": 44, "h": 47 },
      "rotated": false,
      "trimmed": false,
      "spriteSourceSize": { "x": 0, "y": 0, "w": 44, "h": 47 },
      "sourceSize": { "w": 44, "h": 47 }
    },
    "idle_0006": {
      "frame": { "x": 397, "y": 10, "w": 44, "h": 47 },
      "rotated": false,
      "trimmed": false,
      "spriteSourceSize": { "x": 0, "y": 0, "w": 44, "h": 47 },
      "sourceSize": { "w": 44, "h": 47 }
    },
    "idle_0007": {
      "frame": { "x": 461, "y": 10, "w": 44, "h": 47 },
      "rotated": false,
      "trimmed": false,
      "spriteSourceSize": { "x": 0, "y": 0, "w": 44, "h": 47 },
      "sourceSize": { "w": 44, "h": 47 }
    },
    "idle_0008": {
      "frame": { "x": 525, "y": 7, "w": 44, "h": 50 },
      "rotated": false,
      "trimmed": false,
      "spriteSourceSize": { "x": 0, "y": 0, "w": 44, "h": 50 },
      "sourceSize": { "w": 44, "h": 50 }
    },
    "idle_0009": {
      "frame": { "x": 589, "y": 10, "w": 44, "h": 47 },
      "rotated": false,
      "trimmed": false,
      "spriteSourceSize": { "x": 0, "y": 0, "w": 44, "h": 47 },
      "sourceSize": { "w": 44, "h": 47 }
    },
    "idle_0010": {
      "frame": { "x": 653, "y": 10, "w": 44, "h": 47 },
      "rotated": false,
      "trimmed": false,
      "spriteSourceSize": { "x": 0, "y": 0, "w": 44, "h": 47 },
      "sourceSize": { "w": 44, "h": 47 }
    },
    "idle_0011": {
      "frame": { "x": 717, "y": 10, "w": 44, "h": 47 },
      "rotated": false,
      "trimmed": false,
      "spriteSourceSize": { "x": 0, "y": 0, "w": 44, "h": 47 },
      "sourceSize": { "w": 44, "h": 47 }
    },
    "idle_0012": {
      "frame": { "x": 781, "y": 10, "w": 44, "h": 47 },
      "rotated": false,
      "trimmed": false,
      "spriteSourceSize": { "x": 0, "y": 0, "w": 44, "h": 47 },
      "sourceSize": { "w": 44, "h": 47 }
    },
    "idle_0013": {
      "frame": { "x": 845, "y": 10, "w": 44, "h": 47 },
      "rotated": false,
      "trimmed": false,
      "spriteSourceSize": { "x": 0, "y": 0, "w": 44, "h": 47 },
      "sourceSize": { "w": 44, "h": 47 }
    },
    "explosion_0000": {
      "frame": { "x": 901, "y": 1, "w": 59, "h": 62 },
      "rotated": false,
      "trimmed": false,
      "spriteSourceSize": { "x": 0, "y": 0, "w": 59, "h": 62 },
      "sourceSize": { "w": 59, "h": 62 }
    },
    "explosion_0001": {
      "frame": { "x": 967, "y": 4, "w": 55, "h": 57 },
      "rotated": false,
      "trimmed": false,
      "spriteSourceSize": { "x": 0, "y": 0, "w": 55, "h": 57 },
      "sourceSize": { "w": 55, "h": 57 }
    },
    "explosion_0002": {
      "frame": { "x": 1036, "y": 6, "w": 47, "h": 53 },
      "rotated": false,
      "trimmed": false,
      "spriteSourceSize": { "x": 0, "y": 0, "w": 47, "h": 53 },
      "sourceSize": { "w": 47, "h": 53 }
    },
    "explosion_0003": {
      "frame": { "x": 1103, "y": 14, "w": 34, "h": 39 },
      "rotated": false,
      "trimmed": false,
      "spriteSourceSize": { "x": 0, "y": 0, "w": 34, "h": 39 },
      "sourceSize": { "w": 34, "h": 39 }
    },
    "explosion_0004": {
      "frame": { "x": 1169, "y": 17, "w": 29, "h": 36 },
      "rotated": false,
      "trimmed": false,
      "spriteSourceSize": { "x": 0, "y": 0, "w": 29, "h": 36 },
      "sourceSize": { "w": 29, "h": 36 }
    },
    "explosion_0005": {
      "frame": { "x": 1234, "y": 17, "w": 29, "h": 31 },
      "rotated": false,
      "trimmed": false,
      "spriteSourceSize": { "x": 0, "y": 0, "w": 29, "h": 31 },
      "sourceSize": { "w": 29, "h": 31 }
    },
    "explosion_0006": {
      "frame": { "x": 1300, "y": 19, "w": 26, "h": 27 },
      "rotated": false,
      "trimmed": false,
      "spriteSourceSize": { "x": 0, "y": 0, "w": 26, "h": 27 },
      "sourceSize": { "w": 26, "h": 27 }
    },
    "explosion_0007": {
      "frame": { "x": 1367, "y": 23, "w": 18, "h": 19 },
      "rotated": false,
      "trimmed": false,
      "spriteSourceSize": { "x": 0, "y": 0, "w": 18, "h": 19 },
      "sourceSize": { "w": 18, "h": 19 }
    }
  },
  "meta": {
    "app": "https://www.leshylabs.com/apps/sstool/",
    "version": "Leshy SpriteSheet Tool v0.8.4",
    "image": "spritesheet.png",
    "size": { "w": 1408, "h": 64 },
    "scale": 1
  }
}
